timestamp,load_avg_5m
1431434556,0.00
1431434577,0.00
1431434599,0.00
1431434621,0.00
1431434643,0.00
1431434666,0.00
1431434688,0.00
1431434709,0.00
1431434731,0.00
1431434753,0.00
1431434775,0.00
1431434798,0.00
1431434819,0.00
1431434841,0.00
1431434863,0.00
1431434885,0.00
1431434908,0.00
1431434929,0.00
1431434952,0.00
1431434974,0.00
1431434995,0.00
1431435018,0.00
1431435040,0.00
1431435062,0.00
1431435084,0.00
1431435105,0.00
1431435128,0.00
1431435149,0.00
1431435172,0.00
1431435194,0.00
1431435216,0.00
1431435237,0.00
1431435259,0.00
1431435281,0.07
1431435304,0.07
1431435326,0.06
1431435347,0.06
1431435369,0.05
1431435391,0.05
1431435413,0.05
1431435436,0.04
1431435458,0.25
1431435479,0.23
1431435501,0.22
1431435522,0.20
1431435544,0.19
1431435567,0.18
1431435589,0.16
1431435611,0.15
1431435633,0.36
1431435655,0.33
1431435677,0.31
1431435700,0.58
1431435721,0.82
1431435743,0.76
1431435766,0.78
1431435787,0.86
1431435810,0.80
1431435832,0.74
1431435855,0.97
1431435876,1.25
1431435897,1.16
1431435919,1.43
1431435942,1.62
1431435963,1.85
1431435986,1.93
1431436007,2.08
1431436030,1.92
1431436052,1.93
1431436074,1.80
1431436095,1.88
1431436117,1.75
1431436140,1.77
1431436161,1.71
1431436183,1.59
1431436206,1.62
1431436228,1.79
1431436250,1.95
1431436274,1.80
1431436294,1.68
1431436316,1.56
1431436338,1.73
1431436359,1.82
1431436382,1.69
1431436404,1.57
1431436425,1.73
1431436448,1.68
1431436469,1.56
1431436492,1.45
1431436514,1.35
1431436535,1.25
1431436558,1.45
1431436580,1.35
1431436601,1.47
1431436624,1.43
1431436645,1.68
1431436667,1.84
1431436689,1.92
1431436711,2.07
1431436733,1.93
1431436756,1.79
1431436777,1.87
1431436799,1.81
1431436821,1.90
1431436844,1.83
1431436866,1.99
1431436887,2.06
1431436910,2.20
1431436931,2.32
1431436954,2.37
1431436975,2.55
1431436997,2.58
1431437019,2.68
1431437041,2.64
1431437063,2.59
1431437085,2.69
1431437107,2.78
1431437130,2.73
1431437151,2.75
1431437173,2.84
1431437195,2.78
1431437217,2.86
1431437240,2.73
1431437261,2.82
1431437284,2.90
1431437306,2.98
1431437327,3.05
1431437350,3.05
1431437371,2.84
1431437393,2.92
1431437416,3.00
1431437438,3.07
1431437460,3.13
1431437482,3.20
1431437504,3.04
1431437525,3.11
1431437547,3.03
1431437569,3.10
1431437591,3.10
1431437613,3.23
1431437635,3.07
1431437657,2.86
1431437679,2.94
1431437701,3.01
1431437723,2.87
1431437745,2.95
1431437768,3.02
1431437789,2.88
1431437811,2.69
1431437833,2.50
1431437855,2.39
1431437877,2.23
1431437899,2.28
1431437922,2.41
1431437943,2.25
1431437965,2.09
1431437987,2.22
1431438009,2.14
1431438031,2.27
1431438053,2.18
1431438075,2.31
1431438097,2.50
1431438119,2.54
1431438141,2.64
1431438164,2.89
1431438185,2.97
1431438208,3.04
1431438229,3.03
1431438252,3.10
1431438273,3.10
1431438295,3.10
1431438317,3.16
1431438339,3.21
1431438361,3.27
1431438383,3.33
1431438405,3.16
1431438427,3.22
1431438450,3.28
1431438471,3.19
1431438493,3.24
1431438515,3.30
1431438537,3.28
1431438559,3.33
1431438581,3.38
1431438603,3.43
1431438625,3.46
1431438647,3.22
1431438669,2.99
1431438691,2.92
1431438713,3.07
1431438735,3.06
1431438757,3.13
1431438779,3.19
1431438803,3.32
1431438823,3.31
1431438845,3.07
1431438867,3.07
1431438889,2.86
1431438911,3.01
1431438934,2.86
1431438956,2.87
1431438977,2.95
1431439000,3.02
1431439022,3.09
1431439045,3.16
1431439066,3.22
1431439087,3.27
1431439110,3.32
1431439132,3.37
1431439153,3.41
1431439175,3.39
1431439198,3.14
1431439220,3.21
1431439242,3.26
1431439264,3.31
1431439285,3.36
1431439308,3.41
1431439330,3.37
1431439352,3.42
1431439373,3.40
1431439396,3.44
1431439417,3.41
1431439440,3.45
1431439462,3.48
1431439484,3.53
1431439506,3.56
1431439527,3.59
1431439549,3.55
1431439571,3.58
1431439593,3.61
1431439616,3.63
1431439638,3.66
1431439660,3.69
1431439681,3.57
1431439703,3.60
1431439725,3.70
1431439747,3.72
1431439769,3.73
1431439791,3.75
1431439814,3.77
1431439836,3.72
1431439857,3.74
1431439880,3.47
1431439901,3.44
1431439924,3.48
1431439946,3.52
1431439968,3.55
1431439989,3.37
1431440011,3.34
1431440033,3.18
1431440056,3.24
1431440078,3.29
1431440099,3.27
1431440121,3.33
1431440144,3.30
1431440166,3.35
1431440188,3.40
1431440209,3.44
1431440232,3.48
1431440254,3.52
1431440275,3.55
1431440298,3.58
1431440319,3.48
1431440341,3.51
1431440364,3.55
1431440385,3.58
1431440407,3.47
1431440430,3.50
1431440451,3.54
1431440475,3.57
1431440495,3.60
1431440518,3.42
1431440540,3.39
1431440561,3.22
1431440583,3.21
1431440606,3.26
1431440627,3.31
1431440650,3.22
1431440672,3.28
1431440694,3.26
1431440715,3.24
1431440738,3.30
1431440760,3.35
1431440782,3.39
1431440804,3.43
1431440826,3.40
1431440848,3.30
1431440870,3.29
1431440891,3.33
1431440914,3.38
1431440936,3.43
1431440957,3.19
1431440980,3.25
1431441002,3.30
1431441024,3.35
1431441046,3.40
1431441068,3.23
1431441090,3.28
1431441112,3.33
1431441134,3.38
1431441156,3.21
1431441178,3.27
1431441199,3.32
1431441222,3.37
1431441243,3.21
1431441265,3.20
1431441287,3.18
1431441309,3.17
1431441331,3.23
1431441353,3.14
1431441375,2.99
1431441397,3.06
1431441420,3.06
1431441442,2.91
1431441463,2.99
1431441485,2.99
1431441507,2.77
1431441529,2.72
1431441552,2.52
1431441573,2.62
1431441596,2.72
1431441618,2.81
1431441639,2.61
1431441662,2.72
1431441683,2.74
1431441706,2.83
1431441729,2.92
1431441750,2.99
1431441771,3.06
1431441794,3.13
1431441815,3.19
1431441838,3.24
1431441860,3.30
1431441882,3.21
1431441904,2.98
1431441925,2.98
1431441947,2.98
1431441970,2.98
1431441992,2.98
1431442013,2.99
1431442035,3.06
1431442058,3.05
1431442080,3.12
1431442101,3.18
1431442123,3.24
1431442145,3.29
1431442167,3.20
1431442190,3.11
1431442211,3.17
1431442234,3.23
1431442256,3.21
1431442277,3.27
1431442300,3.32
1431442321,3.37
1431442343,3.41
1431442366,3.45
1431442387,3.49
1431442409,3.53
1431442431,3.56
1431442454,3.59
1431442476,3.62
1431442497,3.65
1431442520,3.67
1431442542,3.70
1431442563,3.72
1431442585,3.67
1431442607,3.69
1431442629,3.71
1431442652,3.73
1431442673,3.75
1431442695,3.77
1431442717,3.79
1431442739,3.73
1431442761,3.75
1431442783,3.70
1431442806,3.57
1431442827,3.53
1431442849,3.57
1431442872,3.60
1431442893,3.56
1431442915,3.58
1431442937,3.69
1431442959,3.71
1431442981,3.66
1431443004,3.69
1431443025,3.70
1431443048,3.73
1431443069,3.75
1431443092,3.69
1431443113,3.71
1431443136,3.73
1431443158,3.75
1431443180,3.77
1431443202,3.78
1431443223,3.80
1431443246,3.82
1431443267,3.83
1431443290,3.84
1431443312,3.92
1431443334,3.85
1431443356,3.87
1431443378,3.81
1431443400,3.82
1431443421,3.83
1431443444,3.84
1431443465,3.85
1431443488,3.86
1431443511,3.80
1431443532,3.82
1431443553,3.83
1431443575,3.84
1431443597,3.78
1431443620,3.66
1431443642,3.68
1431443664,3.70
1431443686,3.72
1431443708,3.74
1431443730,3.76
1431443752,3.78
1431443774,3.79
1431443796,3.81
1431443817,3.82
1431443840,3.83
1431443862,3.77
1431443884,3.79
1431443907,3.73
1431443928,3.75
1431443950,3.77
1431443972,3.79
1431443994,3.80
1431444017,3.82
1431444038,3.83
1431444060,3.84
1431444082,3.85
1431444104,3.86
1431444126,3.87
1431444150,3.88
1431444171,3.89
1431444192,3.90
1431444214,3.83
1431444237,3.85
1431444258,3.86
1431444280,3.80
1431444303,3.81
1431444324,3.82
1431444346,3.77
1431444368,3.78
1431444389,3.80
1431444412,3.81
1431444434,3.82
1431444456,3.77
1431444478,3.78
1431444500,3.73
1431444522,3.75
1431444544,3.69
1431444566,3.65
1431444587,3.67
1431444609,3.69
1431444631,3.57
1431444653,3.53
1431444676,3.57
1431444698,3.60
1431444720,3.63
1431444742,3.58
1431444763,3.61
1431444786,3.64
1431444808,3.59
1431444830,3.62
1431444852,3.65
1431444874,3.67
1431444897,3.70
1431444918,3.72
1431444939,3.74
1431444962,3.61
1431444983,3.57
1431445006,3.39
1431445028,3.14
1431445051,3.20
1431445072,3.26
1431445094,3.31
1431445116,3.36
1431445137,3.12
1431445160,3.19
1431445182,3.17
1431445205,3.23
1431445226,3.29
1431445248,3.34
1431445271,3.39
1431445292,3.43
1431445314,3.47
1431445336,3.43
1431445358,3.48
1431445380,3.37
1431445402,3.42
1431445424,3.46
1431445447,3.50
1431445467,3.33
1431445490,3.31
1431445512,3.36
1431445534,3.40
1431445556,3.44
1431445578,3.48
1431445600,3.45
1431445621,3.49
1431445644,3.52
1431445666,3.56
1431445688,3.52
1431445709,3.55
1431445731,3.51
1431445755,3.55
1431445776,3.58
1431445797,3.61
1431445820,3.57
1431445842,3.60
1431445864,3.62
1431445886,3.65
1431445907,3.54
1431445930,3.57
1431445952,3.53
1431445973,3.57
1431445996,3.52
1431446017,3.56
1431446039,3.52
1431446062,3.55
1431446084,3.51
1431446106,3.55
1431446128,3.58
1431446149,3.41
1431446172,3.45
1431446194,3.49
1431446215,3.25
1431446237,3.02
1431446259,3.02
1431446281,2.87
1431446304,2.88
1431446325,2.89
1431446348,2.97
1431446369,2.97
1431446391,2.76
1431446414,2.85
1431446436,2.86
1431446458,2.94
1431446481,3.17
1431446501,3.22
1431446524,3.28
1431446547,3.33
1431446568,3.31
1431446590,3.36
1431446611,3.33
1431446634,3.31
1431446656,3.29
1431446678,3.34
1431446700,3.39
1431446723,3.43
1431446744,3.47
1431446766,3.51
1431446788,3.40
1431446810,3.37
1431446832,3.35
1431446854,3.32
1431446876,3.37
1431446898,3.42
1431446920,3.24
1431446944,3.30
1431446964,3.34
1431446986,3.39
1431447008,3.37
1431447030,3.41
1431447052,3.31
1431447074,3.36
1431447096,3.40
1431447118,3.45
1431447140,3.48
1431447162,3.38
1431447184,3.42
1431447206,3.39
1431447228,3.44
1431447250,3.47
1431447272,3.51
1431447294,3.55
1431447316,3.58
1431447338,3.61
1431447360,3.57
1431447382,3.60
1431447404,3.63
1431447426,3.65
1431447448,3.60
1431447470,3.63
1431447492,3.73
1431447514,3.75
1431447536,3.77
1431447558,3.85
1431447580,3.94
1431447602,3.80
1431447624,3.82
1431447646,3.83
1431447667,3.77
1431447690,3.72
1431447713,3.74
1431447734,3.76
1431447756,3.77
1431447778,3.79
1431447800,3.80
1431447822,3.75
1431447844,3.69
1431447866,3.57
1431447888,3.53
1431447910,3.56
1431447932,3.60
1431447954,3.62
1431447977,3.65
1431447998,3.47
1431448020,3.51
1431448042,3.54
1431448064,3.51
1431448086,3.54
1431448108,3.50
1431448130,3.47
1431448152,3.51
1431448175,3.46
1431448196,3.36
1431448218,3.27
1431448240,3.32
1431448262,3.44
1431448284,3.48
1431448307,3.52
1431448329,3.56
1431448350,3.58
1431448372,3.62
1431448394,3.50
1431448416,3.54
1431448438,3.50
1431448460,3.53
1431448482,3.50
1431448504,3.53
1431448526,3.49
1431448548,3.46
1431448570,3.50
1431448592,3.53
1431448614,3.56
1431448636,3.53
1431448658,3.56
1431448680,3.52
1431448702,3.55
1431448724,3.58
1431448746,3.54
1431448769,3.58
1431448790,3.60
1431448812,3.49
1431448834,3.53
1431448856,3.42
1431448878,3.45
1431448900,3.50
1431448922,3.53
1431448944,3.50
1431448966,3.53
1431448988,3.57
1431449010,3.52
1431449032,3.49
1431449054,3.45
1431449076,3.35
1431449098,3.33
1431449120,3.37
1431449142,3.42
1431449165,3.46
1431449186,3.50
1431449207,3.32
1431449230,3.37
1431449252,3.14
1431449273,3.13
1431449296,3.12
1431449318,2.97
1431449340,3.04
1431449364,3.12
1431449384,3.17
1431449406,3.23
1431449428,3.29
1431449450,3.27
1431449472,3.32
1431449494,3.37
1431449516,3.27
1431449539,3.39
1431449560,3.36
1431449582,3.41
1431449604,3.45
1431449626,3.42
1431449648,3.46
1431449670,3.50
1431449692,3.53
1431449714,3.43
1431449735,3.40
1431449758,3.37
1431449780,3.41
1431449802,3.45
1431449825,3.20
1431449846,3.19
1431449869,3.17
1431449890,3.23
1431449911,3.28
1431449934,3.26
1431449955,3.31
1431449978,3.29
1431450000,3.20
1431450021,3.19
1431450044,3.10
1431450065,3.16
1431450088,3.08
1431450110,3.07
1431450132,3.14
1431450154,3.20
1431450175,3.32
1431450198,3.30
1431450219,3.28
1431450241,3.33
1431450263,3.38
1431450286,3.35
1431450307,3.33
1431450330,3.37
1431450351,3.42
1431450373,3.39
1431450396,3.43
1431450417,3.47
1431450440,3.51
1431450462,3.47
1431450484,3.51
1431450505,3.54
1431450527,3.51
1431450549,3.26
1431450572,3.24
1431450593,3.02
1431450616,3.09
1431450637,3.08
1431450660,3.15
1431450681,3.07
1431450704,3.13
1431450725,3.19
1431450747,3.25
1431450769,3.16
1431450791,3.08
1431450813,3.07
1431450835,3.14
1431450857,3.13
1431450879,3.12
1431450902,3.18
1431450924,3.24
1431450946,3.30
1431450969,3.35
1431450989,3.39
1431451012,3.22
1431451033,3.27
1431451056,3.25
1431451078,3.17
1431451099,3.15
1431451121,3.14
1431451143,3.20
1431451166,3.26
1431451187,3.24
1431451209,3.22
1431451231,3.21
1431451255,3.27
1431451277,3.32
1431451298,3.37
1431451319,3.14
1431451341,3.13
1431451364,3.12
1431451386,3.18
1431451408,3.31
1431451429,3.08
1431451451,2.86
1431451474,2.94
1431451495,2.95
1431451518,2.80
1431451540,2.89
1431451561,2.97
1431451583,2.97
1431451605,2.97
1431451628,3.05
1431451651,2.97
1431451672,3.04
1431451694,3.11
1431451716,3.03
1431451738,3.09
1431451760,3.16
1431451781,2.94
1431451803,2.95
1431451826,2.95
1431451849,2.96
1431451870,3.03
1431451893,3.10
1431451913,3.16
1431451936,3.22
1431451957,3.20
1431451980,3.26
1431452002,3.17
1431452024,3.23
1431452046,3.28
1431452068,3.33
1431452090,3.31
1431452112,3.29
1431452134,3.34
1431452156,3.31
1431452178,3.36
1431452200,3.41
1431452222,3.45
1431452243,3.35
1431452266,3.39
1431452287,3.44
1431452310,3.48
1431452331,3.51
1431452354,3.48
1431452375,3.31
1431452398,3.36
1431452420,3.40
1431452442,3.52
1431452464,3.55
1431452485,3.65
1431452507,3.67
1431452530,3.70
1431452551,3.65
1431452573,3.68
1431452595,3.49
1431452617,3.52
1431452639,3.56
1431452662,3.59
1431452705,3.44
1431452684,3.62
1431452727,3.47
1431452749,3.37
1431452772,3.42
1431452793,3.39
1431452815,3.29
1431452838,3.34
1431452859,3.39
1431452881,3.36
1431452904,3.41
1431452925,3.45
1431452947,3.35
1431452970,3.39
1431452993,3.44
1431453014,3.48
1431453036,3.51
1431453058,3.55
1431453079,3.51
1431453101,3.55
1431453123,3.58
1431453147,3.61
1431453167,3.63
1431453189,3.38
1431453211,3.42
1431453233,3.46
1431453256,3.50
1431453278,3.60
1431453299,3.63
1431453321,3.66
1431453343,3.61
1431453365,3.50
1431453388,3.53
1431453409,3.56
1431453431,3.60
1431453453,3.63
1431453475,3.37
1431453498,3.49
1431453519,3.52
1431453542,3.56
1431453563,3.59
1431453585,3.62
1431453608,3.64
1431453629,3.67
1431453967,3.18
1431453990,3.24
1431454013,3.37
1431454033,3.42
1431454055,3.46
1431454077,3.50
1431454099,3.53
1431454121,3.56
1431454143,3.38
1431454165,3.42
1431454187,3.46
1431454209,3.50
1431454231,3.54
1431454253,3.64
1431454275,3.39
1431454297,3.15
1431454319,2.93
1431454341,2.86
1431454363,2.66
1431454385,2.61
1431454407,2.64
1431454429,2.74
1431454451,2.76
1431454473,2.84
1431454496,2.93
1431454517,3.00
1431454539,3.07
1431454561,3.07
1431454583,3.13
1431454606,3.20
1431454627,3.25
1431454649,3.23
1431454671,3.29
1431454693,3.27
1431454715,3.32
1431454738,3.37
1431454759,3.41
1431454781,3.46
1431454802,3.49
1431454825,3.46
1431454847,3.50
1431454869,3.46
1431454891,3.29
1431454913,3.27
1431454935,3.32
1431454957,3.30
1431454979,3.28
1431455001,3.19
1431455023,3.25
1431455045,3.23
1431455067,3.21
1431455089,3.27
1431455112,3.25
1431455134,3.30
1431455155,3.07
1431455177,3.07
1431455199,3.13
1431455222,3.20
1431455810,2.42
1431455832,2.53
1431455854,2.56
1431455876,2.59
1431455898,2.62
1431455920,2.72
1431455942,2.81
1431455964,2.75
1431455986,2.77
1431456008,2.86
1431456030,2.94
1431456052,3.01
1431456074,3.08
1431456096,3.15
1431456118,3.07
1431456140,3.20
1431456162,3.19
1431456184,3.24
1431456206,3.30
1431456228,3.13
1431456250,2.98
1431456272,3.06
1431456294,3.12
1431456316,3.19
1431456338,2.96
1431456360,3.03
1431456382,3.10
1431456404,2.95
1431456426,3.03
1431456448,3.02
1431456469,2.95
1431456492,2.96
1431456514,2.82
1431456536,2.76
1431456558,2.70
1431456579,2.80
1431456602,2.74
1431456624,2.69
1431456646,2.78
1431456668,2.86
1431456690,2.66
1431456712,2.61
1431456734,2.50
1431456755,2.32
1431456778,2.52
1431456800,2.55
1431456822,2.65
1431456844,2.75
1431456866,2.84
1431456888,2.92
1431456910,2.71
1431456932,2.52
1431456954,2.63
1431456976,2.44
1431456998,2.34
1431457020,2.46
1431457042,2.57
1431457064,2.53
1431457086,2.63
1431457108,2.66
1431457130,2.68
1431457152,2.78
1431457174,2.65
1431457196,2.82
1431457217,2.62
1431457240,2.65
1431457262,2.74
1431457284,2.83
1431457306,2.77
1431457328,2.79
1431457350,2.87
1431457372,2.88
1431457394,2.96
1431457416,2.82
1431457438,2.62
1431457460,2.72
1431457482,2.82
1431457504,2.62
1431457526,2.57
1431457548,2.46
1431457570,2.57
1431457592,2.60
1431457614,2.63
1431457636,2.73
1431457658,2.60
1431457680,2.49
1431457702,2.60
1431457724,2.69
1431457746,2.58
1431457768,2.39
1431457790,2.30
1431457812,2.41
1431457834,2.53
1431457856,2.35
1431457878,2.25
1431457900,2.17
1431457921,2.08
1431457944,1.93
1431457966,2.01
1431457988,1.87
1431458010,1.74
1431458031,1.69
1431458054,1.85
1431458076,1.93
1431458098,2.08
1431458120,2.00
1431458142,2.14
1431458164,2.20
1431458186,2.04
1431458208,2.04
1431458230,1.97
1431458252,2.12
1431458274,2.25
1431458296,2.22
1431458318,2.21
1431458340,2.13
1431458362,2.04
1431458384,2.04
1431458406,1.97
1431458428,1.90
1431458450,1.84
1431458472,1.99
1431458494,1.99
1431458516,1.85
1431458538,1.86
1431458560,1.94
1431458582,2.01
1431458604,2.16
1431458626,2.00
1431458648,1.93
1431458670,2.07
1431458692,2.00
1431458714,2.14
1431458736,2.27
1431458758,2.39
1431458780,2.44
1431458802,2.55
1431458824,2.65
1431458846,2.54
1431458868,2.64
1431458890,2.73
1431458912,2.76
1431458934,2.84
1431458956,2.92
1431458978,3.07
1431459000,3.07
1431459022,3.06
1431459043,2.92
1431459066,2.78
1431459088,2.87
1431459110,2.81
1431459132,2.89
1431459154,2.97
1431459176,3.04
1431459198,3.11
1431459220,3.17
1431459242,3.23
1431459264,3.28
1431459286,3.12
1431459308,3.19
1431459330,3.17
1431459352,3.23
1431459374,3.14
1431459396,2.91
1431459418,2.86
1431459440,2.94
1431459462,3.01
1431459484,2.94
1431459506,2.87
1431459528,2.82
1431459550,2.69
1431459572,2.64
1431459594,2.59
1431459616,2.62
1431459638,2.64
1431459660,2.67
1431459682,2.77
1431459704,2.85
1431459726,2.93
1431459748,3.01
1431459770,3.01
1431459792,3.08
1431459814,3.07
1431459836,3.14
1431459858,3.06
1431459880,3.12
1431459902,3.18
1431459924,3.24
1431459946,3.01
1431459968,2.94
1431459990,3.01
1431460012,3.09
1431460034,3.15
1431460056,3.00
1431460078,2.86
1431460099,2.73
1431460122,2.68
1431460144,2.55
1431460166,2.45
1431460188,2.34
1431460209,2.39
1431460232,2.44
1431460254,2.54
1431460276,2.37
1431460298,2.41
1431460320,2.38
1431460342,2.22
1431460364,2.41
1431460385,2.31
1431460408,2.43
1431460430,2.41
1431460452,2.45
1431460474,2.55
1431460496,2.66
1431460518,2.75
1431460540,2.84
1431460562,2.93
1431460584,3.00
1431460606,3.07
1431460628,3.07
1431460650,3.13
1431460672,3.13
1431460694,2.90
1431460716,2.77
1431460738,2.71
1431460760,2.73
1431460782,2.75
1431460804,2.70
1431460826,2.58
1431460848,2.61
1431460870,2.64
1431460892,2.52
1431460914,2.63
1431460936,2.79
1431460958,2.81
1431460980,2.61
1431461002,2.70
1431461024,2.72
1431461046,2.82
1431461067,2.76
1431461090,2.71
1431461112,2.73
1431461133,2.61
1431461156,2.71
1431461178,2.80
1431461200,2.74
1431461222,2.62
1431461244,2.64
1431461266,2.67
1431461288,2.77
1431461310,2.85
1431461332,2.72
1431461354,2.59
1431461376,2.48
1431461398,2.60
1431461420,2.69
1431461442,2.78
1431461463,2.66
1431461486,2.54
1431461508,2.57
1431461530,2.67
1431461552,2.70
1431461574,2.79
1431461596,2.81
1431461618,2.82
1431461639,2.90
1431461662,2.98
1431461684,2.98
1431461706,2.98
1431461728,2.98
1431461750,3.06
1431461772,2.84
1431461794,2.85
1431461816,2.93
1431461838,2.86
1431461860,2.95
1431461882,3.02
1431461904,3.01
1431461926,3.01
1431461948,2.95
1431461970,2.88
1431461992,2.96
1431462014,3.03
1431462035,3.09
1431462058,3.16
1431462080,3.15
1431462102,3.21
1431462124,3.26
1431462146,3.25
1431462168,3.30
1431462190,3.35
1431462212,3.40
1431462234,3.43
1431462256,3.41
1431462278,3.45
1431462300,3.48
1431462321,3.53
1431462344,3.48
1431462366,3.45
1431462388,3.49
1431462410,3.46
1431462432,3.50
1431462454,3.53
1431462476,3.49
1431462498,3.46
1431462520,3.50
1431462542,3.46
1431462564,3.50
1431462586,3.53
1431462607,3.57
1431462630,3.60
1431462652,3.41
1431462673,3.24
1431462696,3.30
1431462718,3.06
1431462740,2.99
1431462762,2.92
1431462783,2.99
1431462806,3.07
1431462828,3.13
1431462850,3.12
1431462872,2.90
1431462894,2.70
1431462916,2.79
1431462938,2.66
1431462960,2.76
1431462982,2.63
1431463004,2.73
1431463026,2.82
1431463048,2.90
1431463069,2.84
1431463092,2.70
1431463114,2.73
1431463135,2.54
1431463158,2.43
1431463180,2.54
1431463202,2.57
1431463224,2.53
1431463245,2.35
1431463268,2.19
1431463290,2.17
1431463311,2.02
1431463334,1.87
1431463356,1.75
1431463377,1.62
1431463400,1.58
1431463421,1.81
1431463444,1.69
1431463466,1.57
1431463487,1.46
1431463510,1.64
1431463532,1.67
1431463554,1.62
1431463576,1.50
1431463597,1.47
1431463620,1.36
1431463642,1.41
1431463663,1.52
1431463686,1.41
1431463707,1.59
1431463730,1.69
1431463752,1.57
1431463773,1.47
1431463796,1.36
1431463818,1.48
1431463839,1.37
1431463862,1.42
1431463883,1.32
1431463906,1.22
1431463928,1.28
1431463949,1.19
1431463972,1.18
1431463994,1.17
1431464015,1.08
1431464038,1.01
1431464059,0.94
1431464082,0.87
1431464104,0.95
1431464125,1.09
1431464148,1.02
1431464170,1.01
1431464192,0.94
1431464214,0.88
1431464235,0.82
1431464258,0.76
1431464280,0.99
1431464301,1.13
1431464324,1.05
1431464346,0.97
1431464367,0.90
1431464390,0.84
1431464411,0.78
1431464434,0.73
1431464456,0.67
1431464477,0.63
1431464500,0.58
1431464522,0.54
1431464544,0.50
1431464566,0.47
1431464587,0.58
1431464610,0.82
1431464632,0.76
1431464653,0.85
1431464676,1.00
1431464698,0.93
1431464720,0.93
1431464742,1.01
1431464764,1.15
1431464786,1.07
1431464808,1.13
1431464829,1.05
1431464852,1.26
1431464873,1.25
1431464896,1.16
1431464918,1.08
1431464939,1.21
1431464962,1.13
1431464984,1.05
1431465005,0.97
1431465028,0.90
1431465049,1.05
1431465072,0.97
1431465094,0.90
1431465115,0.84
1431465138,1.07
1431465160,1.13
1431465182,1.05
1431465204,0.97
1431465225,0.91
1431465248,1.13
1431465270,1.05
1431465291,0.97
1431465314,0.90
1431465336,0.84
1431465357,1.06
1431465380,1.13
1431465401,1.05
1431465424,0.97
1431465446,0.90
1431465467,1.13
1431465490,1.04
1431465512,0.97
1431465534,1.04
1431465556,1.11
1431465577,1.31
1431465600,1.22
1431465622,1.28
1431465644,1.46
1431465666,1.58
1431465688,1.46
1431465710,1.50
1431465753,1.63
1431465776,1.52
1431465798,1.69
1431465820,1.58
1431465842,1.75
1431465863,1.63
1431465886,1.51
1431465908,1.40
1431465929,1.31
1431465952,1.50
1431465974,1.67
1431465996,1.84
1431466018,1.71
1431466039,1.87
1431466062,1.74
1431466084,1.62
1431466106,1.78
1431466128,1.65
1431466150,1.54
1431466172,1.64
1431466194,1.66
1431466215,1.90
1431466238,1.77
1431466259,1.71
1431466282,1.87
1431466304,1.74
1431466325,1.62
1431466348,1.50
1431466370,1.47
1431466391,1.50
1431466414,1.40
1431466435,1.51
1431466458,1.69
1431466480,1.57
1431466502,1.67
1431466524,1.76
1431466546,1.64
1431466568,1.53
1431466590,1.41
1431466611,1.46
1431466634,1.36
1431466656,1.26
1431466677,1.17
1431466700,1.09
1431466721,1.08
1431466744,1.29
1431466766,1.48
1431466787,1.38
1431466810,1.28
1431466832,1.19
1431466854,1.38
1431466876,1.50
1431466898,1.40
1431466920,1.36
1431466942,1.27
1431466963,1.46
1431466986,1.35
1431467008,1.33
1431467030,1.38
1431467052,1.63
1431467074,1.66
1431467096,1.55
1431467118,1.43
1431467139,1.33
1431467162,1.24
1431467184,1.22
1431467206,1.35
1431467228,1.53
1431467249,1.43
1431467272,1.32
1431467294,1.44
1431467316,1.35
1431467338,1.25
1431467360,1.30
1431467382,1.21
1431467404,1.12
1431467425,1.33
1431467448,1.23
1431467470,1.14
1431467492,1.21
1431467514,1.33
1431467536,1.24
1431467558,1.29
1431467580,1.27
1431467602,1.33
1431467624,1.51
1431467646,1.40
1431467668,1.59
1431467690,1.48
1431467712,1.65
1431467734,1.53
1431467756,1.50
1431467777,1.39
1431467800,1.30
1431467822,1.41
1431467843,1.31
1431467866,1.22
1431467888,1.13
1431467909,1.06
1431467932,0.98
1431467953,0.92
1431467976,0.85
1431467998,0.79
1431468019,0.73
1431468042,0.96
1431468064,0.90
1431468086,0.83
1431468108,0.77
1431468129,0.72
1431468152,0.67
1431468174,0.70
1431468195,0.78
1431468218,0.73
1431468240,0.97
1431468261,1.10
1431468284,1.02
1431468305,1.02
1431468328,0.95
1431468350,0.96
1431468371,0.96
1431468394,1.18
1431468416,1.17
1431468438,1.36
1431468460,1.27
1431468481,1.18
1431468504,1.09
1431468526,1.23
1431468547,1.14
1431468570,1.35
1431468591,1.53
1431468614,1.71
1431468636,1.58
1431468657,1.82
1431468680,1.70
1431468702,1.72
1431468724,1.67
1431468746,1.55
1431468767,1.44
1431468790,1.34
1431468812,1.25
1431468833,1.37
1431468856,1.27
1431468878,1.25
1431468899,1.16
1431468922,1.15
1431468943,1.07
1431468966,1.28
1431468988,1.19
1431469009,1.11
1431469032,1.31
1431469054,1.22
1431469076,1.34
1431469098,1.32
1431469119,1.22
1431469142,1.14
1431469164,1.06
1431469185,0.99
1431469208,1.20
1431469230,1.11
1431469252,1.04
1431469274,1.24
1431469296,1.44
1431469318,1.34
1431469340,1.31
1431469361,1.22
1431469384,1.21
1431469406,1.12
1431469428,1.04
1431469450,1.32
1431469471,1.30
1431469494,1.35
1431469516,1.26
1431469537,1.24
1431469560,1.15
1431469582,1.07
1431469604,1.06
1431469626,1.28
1431469647,1.25
1431469670,1.17
1431469692,1.29
1431469713,1.21
1431469736,1.12
1431469758,1.25
1431469779,1.17
1431469802,1.08
1431469823,1.28
1431469846,1.19
1431469868,1.11
1431469889,1.03
1431469912,0.96
1431469934,0.89
1431469956,1.04
1431469978,0.96
1431469999,0.90
1431470022,0.83
1431470044,1.06
1431470066,1.26
1431470088,1.17
1431470109,1.09
1431470132,1.02
1431470154,0.94
1431470175,0.88
1431470198,0.82
1431470220,0.76
1431470242,0.91
1431470264,1.06
1431470285,1.06
1431470308,1.27
1431470330,1.32
1431470351,1.51
1431470374,1.40
1431470396,1.30
1431470417,1.21
1431470440,1.12
1431470461,1.11
1431470484,1.04
1431470506,1.17
1431470527,1.10
1431470550,1.02
1431470572,0.95
1431470594,0.87
1431470616,1.03
1431470637,0.95
1431470660,0.89
1431470682,1.11
1431470703,1.03
1431470726,1.03
1431470748,1.10
1431470770,1.02
1431470792,0.95
1431470813,0.88
1431470836,0.82
1431470858,0.76
1431470879,0.71
1431470902,0.66
1431470924,0.90
1431470945,0.83
1431470968,0.91
1431470989,1.14
1431471012,1.05
1431471034,0.98
1431471055,0.98
1431471078,1.19
1431471100,1.32
1431471122,1.23
1431471144,1.14
1431471165,1.28
1431471188,1.39
1431471210,1.29
1431471231,1.49
1431471254,1.38
1431471276,1.28
1431471297,1.19
1431471320,1.11
1431471341,1.03
1431471364,1.17
1431471386,1.30
1431471408,1.28
1431471430,1.19
1431471451,1.11
1431471474,1.02
1431471496,1.17
1431471517,1.08
1431471540,1.01
1431471562,1.01
1431471583,0.94
1431471606,1.01
1431471628,0.94
1431471650,0.88
1431471672,0.81
1431471693,0.75
1431471716,0.70
1431471738,0.65
1431471760,0.88
1431471782,0.83
1431471804,0.76
1431471826,0.71
1431471848,0.66
1431471869,0.61
1431471892,0.57
1431471914,0.53
1431471936,0.49
1431471958,0.46
1431471980,0.64
1431472002,0.60
1431472024,0.56
1431472045,0.51
1431472068,0.48
1431472090,0.44
1431472112,0.41
1431472134,0.38
1431472156,0.57
1431472178,0.74
1431472200,0.69
1431472221,0.71
1431472244,0.80
1431472266,0.75
1431472287,0.69
1431472310,0.65
1431472332,0.74
1431472354,0.69
1431472376,0.64
1431472397,0.59
1431472420,0.55
1431472442,0.72
1431472463,0.68
1431472486,0.63
1431472508,0.58
1431472530,0.61
1431472552,0.71
1431472573,0.66
1431472596,0.61
1431472618,0.57
1431472640,0.53
1431472662,0.49
1431472684,0.46
1431472706,0.43
1431472728,0.68
1431472749,0.91
1431472772,0.92
1431472794,1.07
1431472815,1.13
1431472838,1.34
1431472860,1.38
1431472882,1.57
1431472904,1.45
1431472925,1.36
1431472948,1.26
1431472970,1.45
1431472992,1.42
1431473014,1.46
1431473035,1.50
1431473058,1.47
1431473080,1.50
1431473102,1.54
1431473124,1.43
1431473146,1.40
1431473168,1.58
1431473190,1.68
1431473211,1.56
1431473234,1.59
1431473256,1.48
1431473277,1.38
1431473300,1.28
1431473322,1.55
1431473343,1.44
1431473366,1.33
1431473387,1.31
1431473410,1.22
1431473432,1.13
1431473453,1.05
1431473476,1.12
1431473498,1.04
1431473520,1.11
1431473542,1.31
1431473564,1.22
1431473586,1.13
1431473608,1.41
1431473629,1.31
1431473652,1.22
1431473674,1.13
1431473696,1.19
1431473718,1.11
1431473739,1.03
1431473762,0.96
1431473784,0.89
1431473806,0.82
1431473828,0.77
1431473850,0.71
1431473871,0.66
1431473894,0.69
1431473915,0.71
1431473938,0.66
1431473960,0.61
1431473981,0.57
1431474004,0.53
1431474026,0.49
1431474048,0.74
1431474070,0.83
1431474092,1.05
1431474114,0.98
1431474136,1.19
1431474157,1.11
1431474180,1.03
1431474202,0.96
1431474223,0.89
1431474246,0.82
1431474267,0.84
1431474290,0.78
1431474312,1.01
1431474334,0.94
1431474356,0.94
1431474378,0.87
1431474399,0.82
1431474422,0.75
1431474443,0.70
1431474466,1.01
1431474488,0.94
1431474509,0.87
1431474532,0.81
1431474554,0.75
1431474575,0.70
1431474598,0.79
1431474619,0.74
1431474642,0.68
1431474664,0.63
1431474685,0.60
1431474708,0.55
1431474730,0.65
1431474751,0.61
1431474774,0.64
1431474795,0.59
1431474818,0.76
1431474840,0.71
1431474861,0.66
1431474884,0.61
1431474906,0.57
1431474928,0.53
1431474950,0.49
1431474971,0.46
1431474994,0.42
1431475016,0.39
1431475037,0.51
1431475060,0.47
1431475082,0.43
1431475103,0.68
1431475126,0.85
1431475147,1.00
1431475169,0.93
1431475192,0.86
1431475213,0.80
1431475236,1.03
1431475258,1.17
1431475280,1.09
1431475302,1.01
1431475323,0.94
1431475346,0.87
1431475368,0.81
1431475389,0.75
1431475412,0.70
1431475434,0.65
1431475455,0.60
1431475478,0.56
1431475499,0.53
1431475522,0.55
1431475544,0.52
1431475565,0.77
1431475588,0.85
1431475610,0.79
1431475631,0.73
1431475654,0.83
1431475675,0.90
1431475698,1.05
1431475720,0.98
1431475741,0.91
1431475764,0.85
1431475786,1.00
1431475807,0.93
1431475830,1.08
1431475851,1.00
1431475873,0.93
1431475896,0.86
1431475917,0.87
1431475940,0.81
1431475962,1.11
1431475983,1.03
1431476006,0.96
1431476027,0.89
1431476050,0.90
1431476072,0.83
1431476093,0.78
1431476116,0.72
1431476138,0.81
1431476159,0.75
1431476182,0.70
1431476203,0.65
1431476225,0.61
1431476248,0.56
1431476269,0.53
1431476292,0.49
1431476314,0.45
1431476336,0.56
1431476358,0.52
1431476379,0.48
1431476402,0.73
1431476424,0.69
1431476445,0.91
1431476468,0.85
1431476490,0.79
1431476511,0.73
1431476534,0.68
1431476555,0.64
1431476578,0.59
1431476600,0.83
1431476621,0.98
1431476644,1.13
1431476666,1.26
1431476687,1.31
1431476710,1.36
1431476731,1.48
1431476754,1.58
1431476776,1.76
1431476797,1.84
1431476820,1.92
1431476842,2.00
1431476863,2.07
1431476886,2.21
1431476907,2.05
1431476930,1.91
1431476952,1.77
1431476973,1.65
1431476996,1.53
1431477018,1.42
1431477039,1.39
1431477062,1.30
1431477083,1.28
1431477106,1.19
1431477128,1.10
1431477149,1.02
1431477172,0.95
1431477194,0.89
1431477216,0.82
1431477238,0.76
1431477259,0.71
1431477282,0.66
1431477304,0.97
1431477326,0.90
1431477348,0.83
1431477369,0.78
1431477392,0.72
1431477414,0.67
1431477435,0.76
1431477458,0.78
1431477480,1.01
1431477502,0.94
1431477524,0.88
1431477546,0.95
1431477568,0.88
1431477590,1.03
1431477611,1.24
1431477634,1.16
1431477655,1.36
1431477678,1.26
1431477700,1.17
1431477722,1.37
1431477744,1.27
1431477766,1.39
1431477787,1.30
1431477810,1.20
1431477831,1.40
1431477853,1.30
1431477876,1.21
1431477897,1.26
1431477920,1.18
1431477942,1.09
1431477963,1.01
1431477986,0.94
1431478007,0.88
1431478030,0.81
1431478052,0.75
1431478073,0.70
1431478096,0.94
1431478118,0.87
1431478139,0.81
1431478162,0.75
1431478184,0.70
1431478206,0.65
1431478228,0.89
1431478250,1.04
1431478272,0.96
1431478294,0.90
1431478315,0.83
1431478338,0.77
1431478359,0.72
1431478382,0.81
1431478404,1.04
1431478426,0.96
1431478448,1.18
1431478470,1.09
1431478492,1.30
1431478514,1.21
1431478535,1.12
1431478558,1.05
1431478580,0.97
1431478601,0.90
1431478624,0.84
1431478646,0.78
1431478667,0.72
1431478690,0.67
1431478711,0.63
1431478734,0.58
1431478756,0.54
1431478777,0.50
1431478800,0.47
1431478822,0.43
1431478844,0.61
1431478866,0.71
1431478887,0.66
1431478910,0.61
1431478932,0.57
1431478954,0.53
1431478976,0.49
1431478998,0.67
1431479020,0.62
1431479042,0.58
1431479063,0.54
1431479086,0.50
1431479108,0.68
1431479129,0.84
1431479152,0.78
1431479174,0.72
1431479196,0.67
1431479218,0.77
1431479239,0.71
1431479262,0.81
1431479284,0.75
1431479306,0.70
1431479328,0.65
1431479350,0.60
1431479372,0.56
1431479394,0.81
1431479416,0.75
1431479438,0.70
1431479460,0.64
1431479481,0.81
1431479504,0.75
1431479526,0.98
1431479548,1.13
1431479570,1.05
1431479591,0.97
1431479614,0.98
1431479636,0.90
1431479658,0.84
1431479680,0.79
1431479702,0.72
1431479724,0.96
1431479746,1.17
1431479767,1.09
1431479790,1.01
1431479812,0.94
1431479834,0.94
1431479856,0.88
1431479877,0.81
1431479900,0.76
1431479922,0.70
1431479943,0.65
1431479966,0.61
1431479988,0.56
1431480009,0.52
1431480032,0.56
1431480054,0.52
1431480076,0.48
1431480098,0.52
1431480119,0.48
1431480142,0.59
1431480164,0.83
1431480185,0.78
1431480208,0.72
1431480230,0.67
1431480252,0.90
1431480274,0.84
1431480295,0.85
1431480318,0.93
1431480340,1.15
1431480362,1.35
1431480384,1.61
1431480405,1.50
1431480428,1.39
1431480450,1.29
1431480471,1.20
1431480494,1.47
1431480516,1.36
1431480537,1.27
1431480560,1.18
1431480581,1.10
1431480603,1.09
1431480626,1.01
1431480647,0.94
1431480670,0.87
1431480692,0.81
1431480714,1.03
1431480736,0.96
1431480757,0.89
1431480780,0.83
1431480802,0.85
1431480823,0.79
1431480846,0.87
1431480868,0.81
1431480889,0.82
1431480912,0.76
1431480933,0.71
1431480956,0.66
1431480978,0.61
1431480999,0.57
1431481022,0.53
1431481043,0.49
1431481066,0.46
1431481088,0.43
1431481109,0.39
1431481132,0.37
1431481154,0.34
1431481175,0.32
1431481198,0.44
1431481219,0.41
1431481242,0.38
1431481264,0.49
1431481285,0.46
1431481308,0.42
1431481330,0.39
1431481351,0.37
1431481374,0.34
1431481395,0.32
1431481418,0.29
1431481440,0.28
1431481461,0.25
1431481484,0.24
1431481506,0.36
1431481528,0.33
1431481550,0.31
1431481571,0.29
1431481594,0.27
1431481616,0.25
1431481637,0.23
1431481660,0.22
1431481682,0.21
1431481704,0.19
1431481726,0.17
1431481747,0.16
1431481770,0.36
1431481792,0.34
1431481813,0.31
1431481836,0.29
1431481858,0.27
1431481879,0.25
1431481902,0.23
1431481923,0.29
1431481946,0.27
1431481968,0.25
1431481989,0.23
1431482012,0.21
1431482034,0.34
1431482056,0.32
1431482078,0.29
1431482099,0.28
1431482122,0.26
1431482144,0.31
1431482165,0.29
1431482188,0.26
1431482209,0.39
1431482232,0.36
1431482254,0.41
1431482275,0.38
1431482298,0.35
1431482320,0.40
1431482342,0.37
1431482364,0.34
1431482385,0.32
1431482408,0.29
1431482430,0.63
1431482451,0.59
1431482474,0.83
1431482496,1.13
1431482518,1.33
1431482540,1.52
1431482561,1.55
1431482584,1.44
1431482606,1.41
1431482628,1.38
1431482650,1.28
1431482672,1.20
1431482694,1.11
1431482716,1.03
1431482738,0.96
1431482760,0.89
1431482782,0.97
1431482803,1.25
1431482826,1.16
1431482847,1.15
1431482870,1.07
1431482892,1.28
1431482913,1.26
1431482936,1.38
1431482958,1.28
1431482980,1.47
1431483002,1.51
1431483024,1.40
1431483046,1.59
1431483068,1.48
1431483089,1.37
1431483112,1.28
1431483134,1.33
1431483156,1.24
1431483178,1.36
1431483199,1.26
1431483222,1.25
1431483244,1.16
1431483266,1.08
1431483288,1.00
1431483310,0.93
1431483332,0.93
1431483354,1.15
1431483376,1.07
1431483398,1.00
1431483420,1.00
1431483442,1.28
1431483464,1.33
1431483486,1.31
1431483508,1.22
1431483530,1.13
1431483552,1.26
1431483574,1.45
1431483596,1.42
1431483618,1.39
1431483640,1.29
1431483662,1.20
1431483684,1.26
1431483706,1.17
1431483728,1.31
1431483750,1.42
1431483772,1.46
1431483794,1.43
1431483815,1.47
1431483838,1.58
1431483860,1.75
1431483882,1.63
1431483904,1.51
1431483926,1.41
1431483948,1.59
1431483970,1.76
1431483992,1.92
1431484014,1.99
1431484036,1.85
1431484058,1.79
1431484080,1.66
1431484101,1.76
1431484124,1.63
1431484146,1.66
1431484168,1.76
1431484190,1.63
1431484211,1.73
1431484234,1.60
1431484256,1.56
1431484278,1.66
1431484300,1.75
1431484322,1.70
1431484344,1.72
1431484366,1.67
1431484387,1.56
1431484410,1.51
1431484432,1.41
1431484453,1.52
1431484476,1.70
1431484497,1.58
1431484520,1.46
1431484542,1.64
1431484564,1.81
1431484586,1.89
1431484607,1.97
1431484630,1.90
1431484652,1.98
1431484674,1.84
1431484696,1.78
1431484718,1.94
1431484740,1.94
1431484762,2.10
1431484783,2.22
1431484806,2.06
1431484827,1.99
1431484850,1.85
1431484872,1.86
1431484893,2.01
1431484916,1.93
1431484938,1.80
1431484960,1.95
1431484982,2.03
1431485003,2.17
1431485026,2.01
1431485048,1.94
1431485069,1.80
1431485092,1.68
1431485113,1.63
1431485136,1.52
1431485158,1.62
1431485179,1.50
1431485202,1.61
1431485224,1.71
1431485246,1.59
1431485268,1.76
1431485290,1.92
1431485312,2.07
1431485334,1.92
1431485356,1.78
1431485378,1.66
1431485399,1.55
1431485422,1.43
1431485444,1.54
1431485466,1.43
1431485488,1.33
1431485509,1.24
1431485532,1.16
1431485554,1.07
1431485576,1.21
1431485598,1.12
1431485620,1.04
1431485642,0.97
1431485664,0.97
1431485686,0.90
1431485708,0.84
1431485730,0.78
1431485752,1.00
1431485774,1.22
1431485795,1.41
1431485818,1.32
1431485840,1.29
1431485862,1.55
1431485884,1.44
1431485905,1.34
1431485928,1.32
1431485950,1.30
1431485972,1.20
1431485994,1.40
1431486016,1.44
1431486038,1.55
1431486060,1.44
1431486082,1.55
1431486104,1.44
1431486126,1.48
1431486148,1.52
1431486170,1.41
1431486192,1.31
1431486214,1.50
1431486235,1.40
1431486258,1.51
1431486280,1.40
1431486302,1.59
1431486324,1.47
1431486345,1.37
1431486368,1.49
1431486390,1.67
1431486412,1.56
1431486433,1.45
1431486456,1.55
1431486478,1.73
1431486500,1.89
1431486522,1.76
1431486543,1.63
1431486566,1.52
1431486588,1.55
1431486609,1.65
1431486632,1.53
1431486654,1.64
1431486676,1.53
1431486698,1.42
1431486719,1.32
1431486742,1.23
1431486764,1.13
1431486786,1.05
1431486808,1.05
1431486829,0.98
1431486852,0.91
1431486874,0.91
1431486895,0.85
1431486918,0.79
1431486940,0.95
1431486962,0.88
1431486984,0.89
1431487005,0.97
1431487028,0.90
1431487050,0.90
1431487072,0.84
1431487094,0.85
1431487115,1.01
1431487138,1.22
1431487160,1.28
1431487181,1.19
1431487204,1.10
1431487226,1.17
1431487248,1.30
1431487270,1.20
1431487291,1.11
1431487314,1.25
1431487336,1.23
1431487358,1.14
1431487380,1.06
1431487402,1.20
1431487424,1.11
1431487446,1.10
1431487468,1.03
1431487490,0.95
1431487511,0.89
1431487534,0.83
1431487556,0.84
1431487578,0.78
1431487600,0.72
1431487622,0.81
1431487644,0.75
1431487666,0.70
1431487688,0.86
1431487710,1.02
1431487731,0.95
1431487754,0.88
1431487776,0.95
1431487798,0.89
1431487820,0.83
1431487841,0.77
1431487864,0.93
1431487886,0.86
1431487908,1.01
1431487930,1.22
1431487951,1.28
1431487974,1.47
1431487996,1.51
1431488018,1.40
1431488040,1.31
1431488062,1.35
1431488084,1.47
1431488106,1.36
1431488128,1.55
1431488150,1.58
1431488172,1.69
1431488194,1.84
1431488216,1.86
1431488238,1.86
1431488260,1.74
1431488281,1.61
1431488304,1.50
1431488326,1.39
1431488348,1.30
1431488370,1.20
1431488391,1.12
1431488414,1.04
1431488436,0.97
1431488457,0.90
1431488480,0.83
1431488502,0.77
1431488524,0.72
1431488546,0.67
1431488567,0.62
1431488590,0.79
1431488612,0.74
1431488634,0.68
1431488656,0.63
1431488677,0.66
1431488700,0.61
1431488722,0.78
1431488744,0.73
1431488766,0.75
1431488787,0.97
1431488832,0.84
1431488810,0.90
1431488853,0.78
1431488876,0.73
1431488898,0.68
1431488920,0.63
1431488942,0.58
1431488963,0.54
1431488986,0.79
1431489008,0.80
1431489030,0.96
1431489052,0.89
1431489074,1.11
1431489096,1.25
1431489117,1.16
1431489140,1.07
1431489162,1.28
1431489184,1.19
1431489206,1.25
1431489227,1.16
1431489250,1.22
1431489272,1.14
1431489293,1.06
1431489316,1.05
1431489337,0.98
1431489360,0.91
1431489382,0.84
1431489403,0.99
1431489426,0.92
1431489448,1.00
1431489469,0.93
1431489492,1.01
1431489513,0.94
1431489536,1.08
1431489558,1.29
1431489579,1.20
